{"cameraMode":{"drawMode":0,"name":"Shaded","section":"Shading Mode"},"sceneLighting":false,"audioPlay":false,"sceneViewState":{"m_AlwaysRefresh":false,"showFog":true,"showSkybox":true,"showFlares":true,"showImageEffects":true,"showParticleSystems":true,"showVisualEffectGraphs":true,"m_FxEnabled":true},"in2DMode":false,"pivot":{"x":68.70266723632813,"y":25.114845275878908,"z":4.708470344543457},"rotation":{"x":0.2391211837530136,"y":-0.18364974856376649,"z":0.046111416071653369,"w":0.9523495435714722},"size":21.530059814453126,"orthographic":true}