{"cameraMode":{"drawMode":0,"name":"Shaded","section":"Shading Mode"},"sceneLighting":false,"audioPlay":false,"sceneViewState":{"m_AlwaysRefresh":false,"showFog":true,"showSkybox":true,"showFlares":true,"showImageEffects":true,"showParticleSystems":true,"showVisualEffectGraphs":true,"m_FxEnabled":true},"in2DMode":false,"pivot":{"x":28.13136863708496,"y":6.141360759735107,"z":45.250892639160159},"rotation":{"x":-0.10353391617536545,"y":0.38468390703201296,"z":-0.04341230168938637,"w":-0.9162341952323914},"size":2.7542431354522707,"orthographic":false}